name, age, e-mail, division, telephone, sex
조채아, 15, p89aabgp@bhban.com, 4av, 010-9815-5898, female
조도아, 57, zq0f6tfz@bhban.com, zit, 010-9957-3099, female
최예준, 55, lkpzygh7@bhban.com, 571, 010-9955-3399, male
김예윤, 68, 2ef4smoi@bhban.com, nzy, 010-9968-3599, male
박윤원, 64, zqghzplq@bhban.com, mrt, 010-9964-3799, female
조채윤, 96, cbmnshwi@bhban.com, oup, 010-9996-4399, male
정지아, 82, 0iz0ucrt@bhban.com, z2e, 010-9982-4199, female
임주윤, 55, 0sl1vkz6@bhban.com, rit, 010-9955-4299, male
최지우, 82, qhhfu4x9@bhban.com, hqa, 010-9982-4599, female
윤주우, 98, kh0b2yl6@bhban.com, z0f, 010-8998-4489, female
강도후, 84, wz1176we@bhban.com, p1m, 010-9984-5299, male
윤예윤, 84, vfieepnb@bhban.com, kiy, 010-5984-2759, male
강서서, 75, dyq46ktb@bhban.com, x2n, 010-9975-5499, male
조주서, 99, g6t8n4cx@bhban.com, 5gr, 010-6999-4569, female
이지우, 75, eydvusb3@bhban.com, 57i, 010-9975-5899, male
윤예준, 83, 4yhszfvw@bhban.com, zzu, 010-9983-6099, male
윤도서, 89, 6n7zmo7r@bhban.com, bbx, 010-9989-6299, male
정윤연, 94, 1omqqnez@bhban.com, gc2, 010-9994-6499, female
최예진, 98, 8toezxrq@bhban.com, lm8, 010-9998-6699, male
강서후, 84, 741mrg9r@bhban.com, 50u, 010-9984-6899, male
윤도아, 88, rkak1xhf@bhban.com, 6m2, 010-9988-6999, male
김서은, 96, erilgfrn@bhban.com, fw3, 010-9996-7299, male
윤하준, 63, ybt39hft@bhban.com, q5c, 010-9863-7798, male
최지연, 92, fw6y8yik@bhban.com, gqy, 010-9992-7499, female
윤지진, 88, t1eqz6q3@bhban.com, sdr, 010-9988-7699, male
김주서, 99, qz48gwy1@bhban.com, 5z7, 010-8999-4789, female
박서연, 95, ua9h89il@bhban.com, y5z, 010-0008-8200, male
강하진, 93, wgogqkkp@bhban.com, trn, 010-9993-8299, female
윤민은, 85, ry2xhq7y@bhban.com, 24e, 010-.485-95.4, female
최서진, 02, 1auzm68r@bhban.com, d6x, 010-0002-8700, male
정지준, 35, waz0ncll@bhban.com, kxh, 010-0035-8800, male
강민연, 05, ny27dqq6@bhban.com, 1yv, 010-0005-9000, male
임윤후, 06, oat6drxf@bhban.com, xzw, 010-0006-9200, male
박지윤, 85, h64fddhr@bhban.com, 3zt, 010-9885-8098, female
이채진, 07, dkm1f05a@bhban.com, f31, 010-9997-9399, female
강윤서, 04, 7pwi60qv@bhban.com, 6h5, 010-0004-9500, female
장서진, 09, okcbozvu@bhban.com, v5z, 010-6009-4960, male
최윤서, 01, 2y3tmmp1@bhban.com, f2o, 010-8001-4980, male
김하후, 07, tfpuz9zo@bhban.com, 22m, 010-0007-0000, male
윤현후, 02, t0fm0wf4@bhban.com, unu, 010-2002-5020, male
최서호, 02, pgzzwkw6@bhban.com, 727, 010-4002-5040, male
최서서, 01, q8ko0fxc@bhban.com, z7w, 010-0028-0700, male
김예호, 13, r38v7q36@bhban.com, z7q, 010-0013-0800, male
조민아, 18, l2zan3mm@bhban.com, 14y, 010-0018-1400, male
장지원, 52, e4y5825l@bhban.com, f06, 010-9852-8298, male
최주아, 24, sw2rzkpy@bhban.com, ubv, 010-0024-1600, female
박예진, 01, 4q0fqqfz@bhban.com, fii, 010-8001-1900, male
장서후, 21, lzhugz3l@bhban.com, hig, 010-0021-2000, female
김도후, 25, zn0p8qka@bhban.com, t8y, 010-0025-2200, female
임하호, 18, vc1ppnk8@bhban.com, 0vf, 010-0018-2400, male
이예우, 43, tnp0zqbg@bhban.com, 781, 010-0043-2600, male
박채호, 25, kmfd5605@bhban.com, b6g, 010-0025-2800, female
최도후, 51, sdoeoeul@bhban.com, qww, 010-0051-3100, male
강민진, 33, 7mpvbzgl@bhban.com, yf3, 010-0033-3300, female
박채준, 37, i0zhz3yx@bhban.com, y1g, 010-0037-3500, female
박도은, 85, zunur5oz@bhban.com, hai, 010-3985-2839, female
조도호, 42, dxpxqcp4@bhban.com, qqs, 010-0042-3700, male
윤도준, 32, ztf15xas@bhban.com, crd, 010-0032-3800, male
정예윤, 35, 2q3zuvx0@bhban.com, 6u9, 010-0035-4000, female
김현준, 36, eeqope7z@bhban.com, ncv, 010-0036-4300, male
김윤연, 48, tzv8fzqf@bhban.com, e7u, 010-0048-4600, female
윤주후, 46, n4zffhol@bhban.com, xhx, 010-0046-4900, male
강예서, 48, ab6cfuvw@bhban.com, 7sl, 010-0048-5200, male
이예은, 59, 8z9p7dni@bhban.com, 8s4, 010-0059-5400, female
조도우, 55, lbv7gguh@bhban.com, iwn, 010-0055-5600, male
장윤연, 56, rx6xzxpz@bhban.com, qqw, 010-0056-5800, male
이하서, 48, 24wz17b6@bhban.com, 8gk, 010-9848-8598, male
최서호, 54, o7pyuoez@bhban.com, u1h, 010-0054-6000, male
정주윤, 28, mz21b0hr@bhban.com, 0ff, 010-0128-6301, female
박지호, 54, 88dekfpi@bhban.com, blb, 010-0054-6400, female
강지원, 68, zocqswti@bhban.com, sru, 010-0068-6700, male
윤도윤, 72, rr2akgbl@bhban.com, rln, 010-0072-6800, female
박채호, 67, 9ykxmahz@bhban.com, pt1, 010-0067-6900, male
김지진, 75, 8cp733q8@bhban.com, kov, 010-0075-7100, female
임하호, 74, iyb8pfdq@bhban.com, e5d, 010-0074-7200, male
김서연, 62, hyk9mrrt@bhban.com, wtz, 010-0062-7300, female
박현은, 65, 2pg3d6lf@bhban.com, uuh, 010-0065-7500, male
조예우, 47, 6tbucmit@bhban.com, gvn, 010-9847-8698, male
정예진, 67, dzzu35em@bhban.com, 4sf, 010-0067-7600, male
조예호, 71, mz1z30n4@bhban.com, kfz, 010-0071-7900, male
윤윤진, 68, 4brwgus1@bhban.com, yef, 010-0068-8100, female
김지은, 66, 8vctqyxo@bhban.com, 5ec, 010-0066-8300, male
정도준, 15, pwy7074l@bhban.com, lqq, 010-0115-8501, female
장현호, 07, 7elhz4zh@bhban.com, oex, 010-6007-5860, female
강도우, 78, 0s4zwf2h@bhban.com, apq, 010-0078-9000, female
조채호, 13, bdo1nqvh@bhban.com, 9rp, 010-2013-5920, male
박지준, 83, vvx50l3g@bhban.com, 230, 010-0083-9300, female
김윤원, 85, gx5ykas0@bhban.com, 9mz, 010-0085-9600, female
정하진, 43, kfggg2f7@bhban.com, e3t, 010-9843-8898, male
임지서, 09, zletyaqg@bhban.com, pzy, 010-8009-5980, male
임윤후, 82, dnf9ph2y@bhban.com, mqw, 010-0082-0000, female
김현준, 83, prkhfpdb@bhban.com, nli, 010-0083-0200, female
최예은, 09, kbfws8hb@bhban.com, 7d6, 010-4009-6040, female
조채준, 85, 6hotq148@bhban.com, vem, 010-0085-0700, female
윤예은, 07, angmoz5b@bhban.com, war, 010-0107-0901, male
박서후, 95, lcrfz5r6@bhban.com, r52, 010-0095-1200, female
김주우, 09, vugh94ez@bhban.com, 9x8, 010-4009-6140, female
강윤윤, 02, a7ms643q@bhban.com, 9gs, 010-0102-1601, male
윤서원, 05, 3b9htoyq@bhban.com, fb8, 010-0105-1801, male
이하윤, 85, 6c6ptsyq@bhban.com, 7n5, 010-9985-2899, male
장채우, 42, 8dxzzv2p@bhban.com, l9t, 010-0142-2001, female
윤예후, 98, g63kiin1@bhban.com, hxe, 010-0098-2100, male
이지아, 09, qsmkwb0f@bhban.com, mio, 010-0109-2301, female
강지준, 01, tvszlhkp@bhban.com, oe8, 010-2501-.625, female
장도서, 01, 1zn9ooek@bhban.com, 2rr, 010-2701-.627, female
정현원, 02, i5rusezh@bhban.com, 3ai, 010-0102-2901, male
박하연, 13, kyz2zucv@bhban.com, xrr, 010-0113-3001, male
조주호, 12, vv3k53l9@bhban.com, i91, 010-2012-6320, male
임서진, 23, 61yn502p@bhban.com, 5la, 010-0123-3301, male
정지아, 07, kz1ysd5h@bhban.com, eft, 010-0107-3501, male
강윤연, 48, 97e06ux2@bhban.com, 0co, 010-9848-9198, male
윤도원, 32, a6vfzbn5@bhban.com, 709, 010-9832-6098, female
장서후, 18, bzl508uv@bhban.com, v95, 010-0118-3701, male
최현아, 11, yxbzr51x@bhban.com, p7c, 010-0111-3901, male
이지진, 11, gb2227du@bhban.com, bce, 010-1011-6410, female
강하서, 09, 6dzkd9dh@bhban.com, usi, 010-0109-4301, female
박주연, 13, 5cmony0w@bhban.com, h84, 010-6013-6460, female
윤주후, 18, kysm1by7@bhban.com, e5b, 010-8018-6480, female
이채윤, 34, z1fs9ya1@bhban.com, g8i, 010-0134-5001, male
강윤진, 14, ev4ecn6u@bhban.com, svx, 010-2014-6520, male
장도우, 43, z6uhoses@bhban.com, n8t, 010-0143-5401, female
최윤서, 37, n7m64r1l@bhban.com, akl, 010-0137-5601, male
조서준, 86, ztccpvzr@bhban.com, gmi, 010-3986-2939, female
김지우, 13, tqr2e7ru@bhban.com, l3k, 010-8013-6580, female
최서서, 25, xroopv4d@bhban.com, h50, 010-0125-6001, female
장주준, 28, vzz1loz0@bhban.com, tez, 010-0128-6201, female
김주원, 14, 5okqnovh@bhban.com, 9wg, 010-4014-6640, male
정윤원, 32, 7que0ofi@bhban.com, mq7, 010-0132-6601, male
조지준, 44, 7yz86rgm@bhban.com, eld, 010-0144-6701, female
강현은, 44, 48kzsyu4@bhban.com, yg3, 010-0144-7001, male
조민연, 38, 705svi26@bhban.com, 56l, 010-0138-7201, male
최윤원, 14, 8zl96o0g@bhban.com, q4s, 010-4014-6740, male
장하우, 34, 1yvh06fe@bhban.com, tu5, 010-0133-7801, female
윤현후, 56, u2vso6z7@bhban.com, cus, 010-9856-9798, female
최예연, 52, 8zrgs1fz@bhban.com, xqu, 010-0152-7901, male
이채우, 53, n52u10cr@bhban.com, wka, 010-0145-8101, male
최서후, 49, 6n62nn6t@bhban.com, zx0, 010-0149-8301, male
윤주윤, 54, lzxwpk9b@bhban.com, f81, 010-0154-8501, female
임서후, 47, l5ekie09@bhban.com, bno, 010-0147-8601, female
임서서, 65, q2b3ed1c@bhban.com, des, 010-0165-8701, male
김민윤, 54, q0zu4fqu@bhban.com, xdp, 010-0154-8901, female
정하호, 48, s4sorioq@bhban.com, ey4, 010-0148-9001, female
강주서, 52, n7h4xzfs@bhban.com, lfu, 010-0152-9201, female
최민후, 76, nrrbkou0@bhban.com, a1x, 010-0176-9401, male
이주우, 62, y0bczo57@bhban.com, 13i, 010-9862-9898, male
강지은, 68, mzy9omf4@bhban.com, 9qn, 010-0168-9601, female
윤주준, 56, icy12x91@bhban.com, s89, 010-0156-9901, female
윤서진, 73, 7rk3bwzw@bhban.com, nuz, 010-0173-0201, male
장민준, 64, iw9yh5zg@bhban.com, s42, 010-0164-0401, male
윤하준, 68, f0794nbv@bhban.com, 166, 010-0168-0601, female
이민진, 17, 1snbse7m@bhban.com, uo7, 010-8017-7080, male
장지서, 77, 0ytg16ww@bhban.com, yg2, 010-0177-1001, male
조예아, 82, my8chl5w@bhban.com, s18, 010-0182-1301, female
이채서, 75, xvb3spb0@bhban.com, g5t, 010-0175-1601, female
최현은, 01, r852brt3@bhban.com, q7b, 010-0201-1902, male
임윤준, 68, 1tqec31u@bhban.com, 1oa, 010-9868-0098, male
박민서, 86, h6fqqhe9@bhban.com, un5, 010-0186-2101, female
조주진, 77, yzzt84qy@bhban.com, bpi, 010-0177-2301, male
정민원, 87, xd4o9wyr@bhban.com, ir0, 010-0187-2501, female
조윤진, 79, m5shz5ao@bhban.com, uwx, 010-0179-2701, female
최지은, 86, zu1qg7hb@bhban.com, y1b, 010-0193-3101, male
이도후, 19, dc3xkntb@bhban.com, 01s, 010-2019-7320, male
이서호, 19, 78arg2hy@bhban.com, z6p, 010-4019-7340, female
정현우, 91, yxpm2a14@bhban.com, ud8, 010-0191-3601, male
조민은, 02, zhpcbsw1@bhban.com, 1x1, 010-3802-.738, male
이현윤, 08, tk3cse2t@bhban.com, y2r, 010-0208-3902, male
김예은, 74, u6o46amh@bhban.com, uyt, 010-9874-0198, male
윤민윤, 02, 298v0vgz@bhban.com, 7pg, 010-4102-.741, female
김채원, 01, hubchlkt@bhban.com, zpb, 010-0201-4202, female
박지연, 05, 8mrggeym@bhban.com, vfo, 010-0205-4402, female
이민아, 95, uer5mcex@bhban.com, pa2, 010-0195-4701, male
장지연, 06, z70letdf@bhban.com, 559, 010-0206-4902, male
윤지준, 35, 1klnnaxs@bhban.com, b7a, 010-0235-5102, male
조지후, 01, r5p26sql@bhban.com, 4p3, 010-0201-5202, female
조하서, 12, zav76slz@bhban.com, f1l, 010-0212-5402, female
김지은, 04, ffnf5ivo@bhban.com, 3py, 010-0204-5502, female
윤예은, 02, 3q4yztk4@bhban.com, n94, 010-0202-5702, male
장하아, 56, ry6wbdqm@bhban.com, u4o, 010-9856-0398, female
이채우, 06, 16fkg8wa@bhban.com, gy9, 010-0206-5802, male
이예진, 14, g3guhy9w@bhban.com, yeu, 010-0214-6002, male
조현윤, 02, lo5ho3xu@bhban.com, 065, 010-0202-6102, female
조지원, 12, 26lvmtwf@bhban.com, rth, 010-0212-6302, female
임지준, 38, iwrz2a1y@bhban.com, uyf, 010-0238-6402, female
김하우, 04, as23c9fg@bhban.com, 1bb, 010-0204-6502, male
임지아, 07, usb2o1nk@bhban.com, avz, 010-0207-6702, female
최도원, 22, 0dzg4l60@bhban.com, qrt, 010-9022-7690, male
임하호, 18, lzcnbrq6@bhban.com, lmr, 010-0218-7102, female
장윤서, 27, q3biwyll@bhban.com, zsz, 010-0227-7202, female
임지호, 55, lh0w2vcx@bhban.com, 5ke, 010-9855-0498, female
정채후, 28, 97aqb8z0@bhban.com, 2w2, 010-0228-7402, female
조주호, 37, pdisqdid@bhban.com, mqa, 010-0237-7502, male
박하준, 36, oh6vz8o7@bhban.com, 6e8, 010-0236-7702, male
윤하은, 23, z5ggpsdt@bhban.com, ukf, 010-0223-7802, female
윤지우, 33, vs9d7bgs@bhban.com, k90, 010-0233-8002, female
강예원, 28, 74pqlh7l@bhban.com, y2w, 010-0228-8102, male
조하호, 23, grpuisgg@bhban.com, euf, 010-2023-7820, female
최예윤, 26, 70tqq4kd@bhban.com, lsz, 010-0226-8402, female
이예후, 27, x3t77t22@bhban.com, 0c9, 010-0227-8502, female
박서호, 65, 3ov0df3g@bhban.com, zzs, 010-0265-8602, female
박도준, 88, tl0yb321@bhban.com, aps, 010-5988-3059, male
김채원, 32, 1vwlvqq8@bhban.com, 1zc, 010-0232-8802, female
최하은, 34, ym6rvinb@bhban.com, vth, 010-0234-8902, male
장주호, 52, sh9n2i23@bhban.com, rtg, 010-0252-9002, female
윤지진, 25, 30fg5zi0@bhban.com, r2u, 010-0225-9202, female
이주은, 47, 8pqvo6ft@bhban.com, gh1, 010-0247-9402, male
최윤호, 55, b65tcdv4@bhban.com, 9ay, 010-0255-9602, female
임주연, 35, wm43wdfz@bhban.com, 8ev, 010-0235-9702, female
강서아, 39, 3ygray19@bhban.com, p4v, 010-0239-9902, male
김민호, 24, kp61kwel@bhban.com, b1r, 010-0024-8000, female
이도은, 34, r6m21994@bhban.com, 6zt, 010-0234-0202, male
윤도연, 86, glhb3ggo@bhban.com, ig0, 010-7986-3079, female
이주준, 24, zm1k21cw@bhban.com, ul8, 010-4024-8040, female
임지진, 41, b65cvx6l@bhban.com, hfz, 010-0241-0502, female
정하윤, 25, i8yo9zlw@bhban.com, f4t, 010-7025-8070, male
강지서, 37, d1roo7yy@bhban.com, zci, 010-0237-0802, male
장현진, 46, zh9b54io@bhban.com, hyw, 010-0246-0902, male
이민준, 42, 9vzf2iyv@bhban.com, kwn, 010-0242-1102, female
김하후, 25, b0wq8sbs@bhban.com, 7q2, 010-2025-8120, female
장서원, 47, lkvzdy52@bhban.com, ca9, 010-0247-1402, male
이민은, 53, kml7bhxx@bhban.com, 0l7, 010-0253-1502, male
김주원, 69, 11k5dcyf@bhban.com, zwr, 010-0269-1702, female
조하아, 62, fwpmeyb0@bhban.com, 6x5, 010-9862-0898, female
장지진, 38, kolf71c6@bhban.com, 77i, 010-9832-6398, male
윤예우, 26, ixswfb0a@bhban.com, ckg, 010-0026-8200, male
조하서, 56, mdp72vyv@bhban.com, 7sa, 010-0256-2102, male
조주진, 25, ce29f9ut@bhban.com, irz, 010-3025-8230, male
박주준, 63, gmau2yo1@bhban.com, 1kz, 010-0263-2802, male
윤채준, 73, s32smxvo@bhban.com, 5y6, 010-0273-3102, female
정하후, 26, x5btw2zd@bhban.com, 5t9, 010-4026-8340, female
윤도준, 26, 3sv98p06@bhban.com, apu, 010-5026-8350, female
장하호, 62, 26di1pqx@bhban.com, zlp, 010-0262-3602, male
최지은, 64, csza7icd@bhban.com, 356, 010-0264-3702, male
윤민은, 72, h3tdcfxy@bhban.com, omc, 010-0272-3902, female
김하원, 59, 1kbh1fx8@bhban.com, 8ho, 010-9859-0998, male
윤하호, 67, g4ckxpk3@bhban.com, dyz, 010-0267-4202, female
임윤준, 66, gs18fv7i@bhban.com, c9f, 010-0266-4402, female
장서원, 27, 2yyl8mtm@bhban.com, gcl, 010-8027-8480, male
정채원, 76, z2gei5gq@bhban.com, qx1, 010-0276-5002, female
임서은, 74, vfbzufn3@bhban.com, pet, 010-0274-5202, male
장서후, 28, ebe1k9tg@bhban.com, r1m, 010-0277-5402, male
윤윤윤, 83, d8cchd7c@bhban.com, fo8, 010-0283-5602, female
장예아, 78, xz5qxgrx@bhban.com, 3f4, 010-0278-5702, male
윤현원, 28, ow3hho9z@bhban.com, 8y0, 010-8028-8580, female
임채은, 85, chhy8409@bhban.com, d6w, 010-0285-6002, male
최현준, 88, ch5x1lzm@bhban.com, 3i3, 010-9867-1198, female
정윤호, 28, d9al4si9@bhban.com, abo, 010-2028-8620, male
장현원, 89, sdwa5fhn@bhban.com, 2ax, 010-0289-6502, female
최예윤, 97, 78mlvg1z@bhban.com, 3zz, 010-0297-6702, female
조주아, 98, 8pd07b98@bhban.com, p0y, 010-0298-6802, female
임하준, 02, vai9ngd9@bhban.com, hi7, 010-0302-7003, male
최지후, 05, 5kezb2o2@bhban.com, 7k9, 010-0305-7203, male
박예호, 06, glgb99qu@bhban.com, s8c, 010-0306-7403, male
정지아, 03, 5cdfuers@bhban.com, 8xy, 010-7703-.877, female
조예우, 03, xc2iezqp@bhban.com, pko, 010-0303-8103, male
윤도호, 02, 8d5bgw5a@bhban.com, 0ro, 010-0302-8203, male
조주윤, 66, 49v0pz6m@bhban.com, rn9, 010-9866-1298, female
김주원, 97, ez30huqt@bhban.com, mr0, 010-0306-8403, male
임지진, 05, maxl8i4o@bhban.com, k0x, 010-0305-8503, male
이현후, 04, xg60mozv@bhban.com, spi, 010-0304-8703, female
강현서, 67, 0wmzk2o1@bhban.com, v02, 010-0367-8903, female
김도아, 32, 5iyztq3z@bhban.com, lcc, 010-0322-9103, male
조서서, 02, mrqyc4t4@bhban.com, ufn, 010-0302-9203, female
장도서, 98, 1yb5aqde@bhban.com, ce4, 010-0298-9502, female
임지은, 16, b61bhfy8@bhban.com, zq8, 010-0316-9903, female
정서우, 12, m6mtucr8@bhban.com, hem, 010-3034-9030, female
임채연, 32, 1ccl2wg7@bhban.com, k95, 010-5032-9050, female
정지서, 67, x6piglks@bhban.com, bhl, 010-9867-1498, female
강현후, 06, 1cqbi10i@bhban.com, lso, 010-0306-0703, female
장민준, 34, yhwotzpp@bhban.com, rrd, 010-0334-0803, female
강지준, 54, b7b2aln1@bhban.com, ayt, 010-0354-1003, female
윤지후, 24, 2zpp4ush@bhban.com, 9p7, 010-0324-1103, female
임예후, 35, a4qnktax@bhban.com, 6n6, 010-0335-1303, female
조지윤, 27, 9w7mc3o0@bhban.com, 8f7, 010-0327-1403, male
정윤은, 33, hputsikg@bhban.com, lwu, 010-7033-9170, female
조현준, 37, ma1zx6i5@bhban.com, u4v, 010-0037-9200, female
최예원, 33, drs13zxq@bhban.com, 41w, 010-2033-9220, female
김채진, 32, s4hip9zy@bhban.com, y8i, 010-0332-2403, female
강서아, 86, 9y4kurqw@bhban.com, ix1, 010-6986-3169, male
정주호, 35, vqz81rqt@bhban.com, 48o, 010-0335-2603, male
박하호, 33, i2uxsq4w@bhban.com, ezv, 010-9035-9290, male
장현아, 34, 9tq2y3v2@bhban.com, z2d, 010-0334-3103, female
박도원, 39, rrfk5exh@bhban.com, law, 010-0339-3403, female
조예호, 35, v1xvnbin@bhban.com, z23, 010-0335-3603, male
임지원, 46, 73r11n5p@bhban.com, 24y, 010-0346-3703, female
최민준, 37, z1g2rkxm@bhban.com, ztt, 010-9037-9390, male
임채우, 35, hx9kpy7c@bhban.com, h3f, 010-1035-9410, male
조채진, 35, 5n9w87lm@bhban.com, 6bx, 010-3035-9430, male
임민준, 48, 8ca5cl0x@bhban.com, bow, 010-0348-4803, male
이주우, 74, tuqnohix@bhban.com, q8z, 010-9874-1798, female
정민서, 35, 15f6ampx@bhban.com, exw, 010-0035-9500, female
정서우, 57, 2yw1webg@bhban.com, 8yq, 010-0357-5203, female
박지호, 67, lsugvmb5@bhban.com, qx2, 010-0367-5403, female
강지은, 66, kt9ryzak@bhban.com, ygk, 010-0366-5503, female
정민아, 72, kpr467kw@bhban.com, 5z4, 010-0372-5703, male
조주진, 52, lbfig51d@bhban.com, uer, 010-0352-5903, male
박서진, 61, 6cw3nts9@bhban.com, yq7, 010-0361-6203, male
이윤준, 54, 7kbzk33h@bhban.com, ff8, 010-0354-6503, male
최현연, 35, nqe2btmh@bhban.com, 6g3, 010-6035-9660, male
박현준, 95, kfwt3ury@bhban.com, z54, 010-0395-6803, male
강윤호, 73, aerckfim@bhban.com, yei, 010-9873-1998, male
윤도아, 63, 0nsberoh@bhban.com, r6e, 010-0364-7103, male
조현서, 36, c7fighai@bhban.com, cmv, 010-3036-9730, male
윤지윤, 37, gxic2vdi@bhban.com, ze4, 010-6037-9760, female
조주진, 64, 5pd3w7fq@bhban.com, uzm, 010-0364-7803, male
박지준, 68, x7otrtxl@bhban.com, ppu, 010-0368-8303, male
최지진, 76, oqwnob86@bhban.com, v4d, 010-0376-8503, female
조도윤, 76, hgkd8vu3@bhban.com, gbn, 010-0376-8803, male
조지우, 86, d74vilzn@bhban.com, q0z, 010-0424-9104, male
임민서, 86, 1rlng2xm@bhban.com, vys, 010-0386-9403, female
임지서, 76, oq6ek6lg@bhban.com, fc2, 010-0376-9803, female
정주연, 88, tqqsip9z@bhban.com, ngk, 010-0988-3209, female
강민호, 82, 7vvy89wp@bhban.com, vqz, 010-0382-0303, female
윤도호, 87, g4xbvrfr@bhban.com, w4g, 010-0387-0603, female
임하서, 93, qsonlrz2@bhban.com, gw1, 010-0393-1003, male
최주아, 07, 68wxrve7@bhban.com, w00, 010-0407-1804, male
김서진, 08, t0qcm32d@bhban.com, n8r, 010-0408-2304, female
이윤원, 06, z80m59zh@bhban.com, kn6, 010-0406-2604, male
윤현원, 04, g5zlzfml@bhban.com, wga, 010-0404-2804, male
김하준, 15, wdwyzn8s@bhban.com, gvd, 010-0415-3304, female
정서진, 15, 9sd3ggmp@bhban.com, d0h, 010-0415-3604, male
강하연, 15, x7wpp3qa@bhban.com, ze4, 010-0415-3904, male
강지원, 76, 89xrbpc5@bhban.com, ade, 010-9876-2298, female
장하은, 42, 7ea17a9n@bhban.com, hu2, 010-2042-0420, female
이주연, 42, 8flu7tgb@bhban.com, ydk, 010-7042-0470, female
최지아, 42, b2sstcgf@bhban.com, 7q7, 010-1042-0510, female
최도윤, 23, bft4d17f@bhban.com, bnw, 010-0423-5404, male
임서연, 28, ibi023k1@bhban.com, hg2, 010-0428-5704, male
이예은, 44, wv74xg8f@bhban.com, s2o, 010-3044-0630, female
이지준, 47, 3rqwwymx@bhban.com, 5qy, 010-0447-6404, male
이현진, 45, 4axo0g5b@bhban.com, vvc, 010-6045-0660, male
장민아, 45, 7d74h1yi@bhban.com, gi8, 010-0445-6704, female
김채윤, 45, 39lfbvpl@bhban.com, v4x, 010-9045-0690, male
박서윤, 06, 3zqhtfcx@bhban.com, yxg, 010-9906-2399, male
윤민서, 32, 074bz6pk@bhban.com, 0b3, 010-9832-6498, female
윤예호, 38, zzwbzvvr@bhban.com, v8k, 010-0438-7004, female
임현준, 45, gumrpg6m@bhban.com, hkg, 010-2045-0720, male
강하우, 45, 52u399hz@bhban.com, 2yf, 010-4045-0740, male
장주은, 46, kq9gmlpw@bhban.com, r0w, 010-0446-7604, male
조채우, 45, q9fyr7of@bhban.com, 98t, 010-8045-0780, female
박서원, 53, qp0zpwot@bhban.com, oe8, 010-0453-7904, female
정지진, 45, 84k8gbpo@bhban.com, ln6, 010-2045-0820, female
윤도아, 54, nqxi97vu@bhban.com, owe, 010-0454-8404, male
김지윤, 56, kl388dxn@bhban.com, 4rh, 010-0456-8504, male
김현후, 52, f6d9h937@bhban.com, xhe, 010-0452-8704, female
조지호, 87, z7snruoy@bhban.com, 74n, 010-4987-3249, male
이서원, 46, sskrc425@bhban.com, tww, 010-0446-8904, male
조서연, 46, e62cks2m@bhban.com, ri8, 010-1046-0910, female
윤윤서, 64, shsra7ex@bhban.com, czz, 010-0464-0004, female
김주은, 55, 3xysf61d@bhban.com, t1u, 010-0455-0304, male
장채호, 46, 9hq2xx00@bhban.com, s63, 010-7046-1070, female
조예아, 46, ebg5n2tq@bhban.com, w49, 010-0465-0904, female
최도준, 69, 4w69fh4k@bhban.com, dh0, 010-0466-1104, male
박채우, 47, g4964zq1@bhban.com, l0b, 010-2047-1120, male
최윤은, 48, rui0hu3z@bhban.com, oab, 010-5048-1150, female
조하서, 85, 7y8vg3bl@bhban.com, z5z, 010-0485-1704, female
최채아, 77, b4dr0m9a@bhban.com, esl, 010-9877-2698, female
윤하우, 47, ho3n7zmm@bhban.com, 4ff, 010-9047-1190, male
김예윤, 85, sqyc8409@bhban.com, 7wm, 010-0485-2004, male
최민연, 77, x4b247a9@bhban.com, qx4, 010-0477-2104, female
이현후, 85, o5dyascl@bhban.com, kcx, 010-0485-2304, male
김채윤, 74, 03ssolzl@bhban.com, 79g, 010-0474-2504, male
임주우, 83, f20830q1@bhban.com, yk8, 010-0483-2604, female
정윤은, 85, t96por8s@bhban.com, 5zz, 010-0485-2704, female
최하호, 49, ieznk5ph@bhban.com, lzl, 010-9049-1290, male
윤윤준, 49, yc7fszkf@bhban.com, f8z, 010-1049-1310, female
이도우, 08, 5tf14s7i@bhban.com, hhv, 010-0504-3305, female
강지준, 93, wiylozzg@bhban.com, 1bh, 010-9893-2798, male
박서은, 49, xfdhavms@bhban.com, roz, 010-3049-1430, female
윤민준, 51, 6tyg26lf@bhban.com, epg, 010-2051-1520, male
이도원, 04, zf9ek686@bhban.com, 4ts, 010-0504-5605, female
이예원, 15, tlszlmz8@bhban.com, 0iw, 010-0515-5805, male
장도호, 13, zz7t891z@bhban.com, us5, 010-0513-6005, female
박서후, 02, xzfy26yd@bhban.com, 4hz, 010-0502-6205, female
정채연, 58, pdxis7az@bhban.com, svy, 010-0558-6405, male
강하준, 12, f959yq0o@bhban.com, 2eh, 010-0512-6505, male
김하원, 51, nuuqe54p@bhban.com, 0o9, 010-7051-1670, female
윤서아, 15, 8263ll86@bhban.com, szn, 010-0515-6805, male
박하우, 87, 5duwcnnu@bhban.com, ex5, 010-9887-2998, male
강지원, 13, 419tzn7g@bhban.com, 9lr, 010-0513-7005, male
장민아, 05, 2sr3kmxr@bhban.com, 40t, 010-0505-7205, female
윤채아, 18, yobq7z9b@bhban.com, 290, 010-0518-7405, female
임서연, 15, 6lx8n7dg@bhban.com, 7af, 010-0515-7505, female
윤윤원, 16, kc0kfc2p@bhban.com, mr1, 010-0516-7605, female
정지우, 52, 2g2n6a2a@bhban.com, wut, 010-7052-1770, male
이민은, 28, dtszzqaq@bhban.com, wrc, 010-0528-7905, male
이채준, 35, ibize60n@bhban.com, 1n4, 010-0535-8005, female
임하준, 26, m1fzfuuq@bhban.com, hd0, 010-0526-8205, female
정채서, 58, g9cymhd2@bhban.com, zt1, 010-3058-1830, male
정서아, 98, 39sv363b@bhban.com, 31z, 010-9898-3198, female
강지진, 31, 3zrqgm7s@bhban.com, sne, 010-0531-8805, male
임도준, 27, pyz5txy6@bhban.com, cu2, 010-0527-9005, male
임지우, 53, f9898d5r@bhban.com, ddt, 010-2053-1920, male
김지원, 53, vzkqulrq@bhban.com, sr1, 010-7053-1970, female
강지윤, 45, iuwmqpsx@bhban.com, 30k, 010-0545-9905, female
이윤원, 33, uhp21ktz@bhban.com, r3a, 010-0533-0205, male
정예은, 55, 7bl010go@bhban.com, 354, 010-0555-0405, female
임도호, 47, z72zkwl7@bhban.com, yor, 010-0547-0605, female
김윤진, 58, 4vgqses1@bhban.com, 7qk, 010-0558-0705, female
최윤호, 67, q3aytzo0@bhban.com, bqn, 010-0567-0805, male
최윤연, 83, 27aa6pot@bhban.com, ztt, 010-9883-3298, male
박하윤, 46, tsb4kmmi@bhban.com, g62, 010-1054-2110, female
박도원, 43, 986dzast@bhban.com, xx0, 010-0543-1205, male
장예원, 74, iorqqdml@bhban.com, zi5, 010-0574-1405, male
박지호, 47, vhqkcanr@bhban.com, f38, 010-0547-1605, male
윤민연, 55, 0t01rnba@bhban.com, voh, 010-8055-2180, female
이윤서, 56, zzl6q6dd@bhban.com, t78, 010-0556-2005, male
장도서, 55, 8qtrz2p2@bhban.com, dxm, 010-2055-2220, male
이윤우, 56, 1te7tcv2@bhban.com, 8ft, 010-0556-2305, female
김채진, 55, qoa69kiw@bhban.com, d01, 010-0555-2405, male
장도은, 53, zkigoghc@bhban.com, bur, 010-0553-2705, male
강지준, 88, sd7c5u1f@bhban.com, fho, 010-4988-3349, male
윤현연, 54, 3xnuay0s@bhban.com, q6t, 010-0554-2905, male
강채진, 64, yft468l5@bhban.com, 2v0, 010-0564-3205, male
장도연, 67, 4dmlklsi@bhban.com, lsc, 010-0567-3405, male
박현호, 66, zvlgx7o2@bhban.com, m6c, 010-0566-3605, female
정도호, 72, e0up6zqu@bhban.com, cgt, 010-8057-2380, female
장민호, 59, 0atkzqmu@bhban.com, mmq, 010-0559-3905, female
정윤아, 56, 7cinkez9@bhban.com, bic, 010-0056-2400, female
윤지진, 65, a5fhy39p@bhban.com, wz8, 010-0565-4405, male
정지연, 65, mpvw7mkf@bhban.com, wzf, 010-0565-4705, male
윤서아, 05, ienzls01@bhban.com, rmt, 010-0605-5106, female
장예준, 83, 0hg0x2nh@bhban.com, z25, 010-9883-3598, female
이지연, 82, qsfw2x7m@bhban.com, 6tr, 010-0582-5305, male
장현윤, 66, 14c2fg2c@bhban.com, vsf, 010-0577-5605, male
조윤아, 58, df87lzme@bhban.com, 5q3, 010-9058-2590, female
정서서, 79, 6vo4u4sn@bhban.com, h4o, 010-0579-6105, female
김지우, 78, p2ncbt2q@bhban.com, 4ik, 010-0578-6205, female
강도연, 58, khtprwxl@bhban.com, 1ks, 010-4058-2640, male
김윤원, 61, qduw8oq0@bhban.com, vuz, 010-6061-2660, female
윤지서, 78, 73rlia21@bhban.com, xlo, 010-0578-6805, male
임윤원, 06, oed1bocf@bhban.com, 1mz, 010-7306-.273, female
장민서, 99, irpcrcsn@bhban.com, c6b, 010-0599-7605, female
임서연, 87, e62xoweh@bhban.com, vz0, 010-9887-3698, female
조하진, 95, oc1oor84@bhban.com, 7u2, 010-0595-7805, male
최지아, 92, uo403zk7@bhban.com, ruk, 010-0592-7905, male
정민준, 27, zr1zrp0n@bhban.com, vyt, 010-0627-8306, male
김현호, 61, zn1ea0hf@bhban.com, zz4, 010-4061-2840, male
정서서, 61, s98l21ve@bhban.com, w3s, 010-7061-2870, female
장윤준, 04, zsrfsg2q@bhban.com, bfp, 010-0604-8806, female
강채원, 06, 8e8ti0s6@bhban.com, h82, 010-0606-8906, male
조하서, 13, 5q1ab2hx@bhban.com, l8s, 010-0613-9906, male
장주서, 12, fxzzfbzl@bhban.com, pbe, 010-0612-0006, male
김윤은, 16, dp7znqsv@bhban.com, vse, 010-0616-0206, male
윤민윤, 83, zqnu3kmy@bhban.com, hb8, 010-9883-3898, male
정민연, 28, 0wdgpc5p@bhban.com, g6w, 010-9828-6698, female
임민진, 62, q6r3zctg@bhban.com, 56a, 010-4062-3040, female
최민은, 61, 2buyzqe9@bhban.com, 114, 010-5061-3050, male
강하호, 37, v01mqhvh@bhban.com, tw9, 010-0637-0806, female
이주은, 22, 5ecifele@bhban.com, r03, 010-0622-1006, male
강지서, 62, 1lmzns7b@bhban.com, rsv, 010-2062-3120, male
윤지우, 19, da7r5yp3@bhban.com, thi, 010-0619-1406, male
강주준, 23, 5qzizpch@bhban.com, i4l, 010-0623-1506, female
정서진, 26, v1zlxlvs@bhban.com, qgy, 010-0626-1706, male
임지아, 22, zulq5ztx@bhban.com, mdf, 010-0622-2306, male
박예아, 34, xfbywti7@bhban.com, flx, 010-0634-2606, male
장현원, 18, cerzp14v@bhban.com, yt8, 010-9918-3999, female
임채서, 28, 37wzp895@bhban.com, r0i, 010-0628-3106, female
윤현윤, 36, suuebpz2@bhban.com, su5, 010-0636-3306, female
윤윤은, 35, u2gyns8k@bhban.com, sfm, 010-0635-3406, female
윤도우, 32, cmqwn747@bhban.com, 3pg, 010-0632-3506, female
장민아, 44, aaap6rsb@bhban.com, ku3, 010-0644-3806, female
강도준, 44, gc1x0ca2@bhban.com, swd, 010-0644-3906, male
강예은, 45, g4ea56n0@bhban.com, e6x, 010-0645-4006, female
김예연, 63, 15f1wu8g@bhban.com, zzi, 010-0663-4206, female
최지진, 55, rixiyekw@bhban.com, aes, 010-0655-4306, female
최주진, 46, la7zhi6i@bhban.com, vxk, 010-0646-4606, male
윤서진, 89, bfx07daa@bhban.com, 8mp, 010-9888-4198, female
최하윤, 78, 972rr8sc@bhban.com, 96t, 010-0678-4806, female
이윤은, 65, 09nppz8f@bhban.com, 2fy, 010-0065-3500, male
강예호, 53, 4fzxrmsq@bhban.com, p96, 010-0653-5206, female
윤지우, 55, nmffunlm@bhban.com, qw9, 010-0655-5306, female
임현윤, 58, m6d32uyy@bhban.com, 7wl, 010-0658-5606, male
임주아, 66, x14c7z2m@bhban.com, psv, 010-8066-3580, male
조지호, 64, ki1apfwg@bhban.com, lv7, 010-0664-6006, female
장지은, 66, 3gz7e68g@bhban.com, go7, 010-0662-6606, female
임지후, 64, nyz33u9x@bhban.com, gdh, 010-0664-6706, female
김하호, 66, 4lyeo20l@bhban.com, rdt, 010-0066-3700, male
강서은, 92, muu2ilom@bhban.com, h1d, 010-9892-4298, female
조하후, 67, 89nchkpu@bhban.com, u9t, 010-0667-7206, male
이주준, 67, 4izvc3oi@bhban.com, tzs, 010-0667-7306, male
김채호, 75, tb6yxdvu@bhban.com, b0k, 010-0675-7506, male
이예윤, 74, zyqgvx1v@bhban.com, 7hf, 010-0674-7606, female
윤주후, 68, km82oxwi@bhban.com, ldz, 010-0668-7806, male
조현아, 67, 5eq7f6ys@bhban.com, h9g, 010-9067-3790, female
임하진, 67, 7oh02w76@bhban.com, zy9, 010-1067-3810, male
강하연, 76, 4uufxczv@bhban.com, ttw, 010-0676-8306, female
김윤아, 65, gvgh0ofv@bhban.com, sz2, 010-0665-8806, male
박윤진, 74, 7875d7ba@bhban.com, zm8, 010-0674-8906, male
윤민후, 04, a46fbdrb@bhban.com, zux, 010-9904-4599, female
최주준, 85, nsw9sx39@bhban.com, i0f, 010-0685-9106, male
정도윤, 81, lzyk50em@bhban.com, ri2, 010-0681-9206, female
조서서, 69, 3dvyn62d@bhban.com, n8e, 010-6069-3960, female
조서서, 78, p4t8uep3@bhban.com, byu, 010-0691-9806, female
강지서, 84, ncrvn43s@bhban.com, uve, 010-0684-9906, male
최도아, 07, hzx6nfrv@bhban.com, b61, 010-0607-.406, female
박현은, 98, 7v0ox7tp@bhban.com, kl5, 010-0698-0806, male
김지우, 01, q3zy0ukt@bhban.com, gov, 010-0701-1407, female
조민은, 92, lrir2emh@bhban.com, 9by, 010-0692-1706, female
임지윤, 04, hx3b7fow@bhban.com, 32x, 010-0704-2007, female
윤민원, 88, 3c9dpw8c@bhban.com, yck, 010-9888-4898, female
강채진, 96, asvwvwgn@bhban.com, 19f, 010-0696-2106, male
김도진, 01, sckxtdzt@bhban.com, cw0, 010-0701-2407, male
이채윤, 98, 6mvpvwvv@bhban.com, vin, 010-0698-2506, female
조채아, 03, 0iq0x6of@bhban.com, ez5, 010-0703-2807, male
정민서, 09, zklvm71d@bhban.com, x5o, 010-0709-3007, female
최윤진, 05, kvg754gm@bhban.com, 72z, 010-0705-3207, male
강하후, 14, 8ggwnaxu@bhban.com, x6g, 010-0714-3607, male
박예윤, 18, pszoriw0@bhban.com, 90p, 010-0718-3707, female
장윤준, 05, elxsfv9u@bhban.com, foz, 010-0714-3907, male
이하호, 72, gvdapb02@bhban.com, rib, 010-3072-4430, male
임하우, 94, vrrsbnyi@bhban.com, xzx, 010-9894-4998, female
조지원, 07, 5w4t7slr@bhban.com, q4c, 010-0707-4507, female
강도원, 73, lm6mxfpb@bhban.com, 1zd, 010-6073-4460, female
강윤아, 27, itkd4ceq@bhban.com, klr, 010-0727-4807, female
강현원, 28, 8rqw7ih1@bhban.com, ubz, 010-0728-5007, female
윤지은, 21, 8e5hfu2h@bhban.com, 3gg, 010-0721-5207, female
임지진, 32, sb9zc27i@bhban.com, l12, 010-0732-5407, female
윤하서, 28, vxbv2otl@bhban.com, usv, 010-0728-5607, female
박도아, 73, xz9ckns1@bhban.com, hxz, 010-8073-4580, male
조하후, 73, hdc44qa9@bhban.com, 9gr, 010-0073-4600, male
박도원, 24, 8pr70d4o@bhban.com, zot, 010-0724-6107, female
윤지원, 97, 5zyn3o93@bhban.com, guz, 010-9897-5198, female
정지윤, 45, g1668ly1@bhban.com, fio, 010-0745-6507, male
김윤은, 37, 4kka22n1@bhban.com, n0w, 010-0737-6707, female
정현연, 58, clxib6uo@bhban.com, zwq, 010-0758-6807, female
윤현서, 42, mz9q8dx6@bhban.com, o7t, 010-0742-6907, female
김윤우, 75, v4zve6rx@bhban.com, ap5, 010-1075-4710, male
김도은, 45, 9ecvx9l7@bhban.com, b0y, 010-0745-7207, female
강지진, 42, lupv9zyx@bhban.com, db5, 010-0742-7307, male
임지연, 75, 6y5zzyk0@bhban.com, oan, 010-5075-4750, male
이예후, 74, bv4f858b@bhban.com, bbd, 010-6074-4760, female
박민아, 74, o6zw0wt0@bhban.com, 9rv, 010-7074-4770, female
조주호, 92, m6095old@bhban.com, gtw, 010-9892-5298, female
최채준, 74, 226b5561@bhban.com, oxe, 010-0774-8107, male
김지준, 75, wzqlnzhx@bhban.com, o7w, 010-3075-4830, male
임하윤, 75, xkxsypc0@bhban.com, he3, 010-4075-4840, male
최현진, 52, dxmnxzts@bhban.com, zfz, 010-0752-8607, male
강도준, 53, zl04mf8f@bhban.com, zq2, 010-0753-8707, female
강하호, 52, morfutzc@bhban.com, bwn, 010-0752-8907, male
조지아, 53, 5aq498sd@bhban.com, 77f, 010-0753-9007, male
이윤후, 52, 2duz7x2a@bhban.com, a7p, 010-0752-9207, female
윤윤호, 76, z43zprhs@bhban.com, 494, 010-4076-4940, male
최서우, 57, 4s65q6qe@bhban.com, cyi, 010-0757-9807, male
윤민우, 96, d329f59b@bhban.com, orf, 010-9896-5398, female
김채후, 65, 9xqpf0ob@bhban.com, 4n6, 010-0765-0007, male
장윤연, 61, 9z99meza@bhban.com, xwh, 010-0761-0207, female
정지은, 59, l2osn8dt@bhban.com, 11x, 010-0759-0607, female
정윤서, 86, du4qd1s1@bhban.com, 2xm, 010-0786-0807, male
강예호, 66, 9l4owtak@bhban.com, sqv, 010-0772-1007, female
박현호, 77, k71o9lrd@bhban.com, fae, 010-4077-5140, female
윤하은, 77, 80ygw7el@bhban.com, x5s, 010-6077-5160, male
강도서, 76, oqbzl57e@bhban.com, 6un, 010-0776-1807, male
정도은, 72, 8percwl5@bhban.com, nsp, 010-0772-2007, female
장윤호, 78, nufp6odv@bhban.com, 9mg, 010-0787-2307, female
임현원, 95, p1w9xp6q@bhban.com, rnq, 010-9895-5598, female
정예진, 24, 4y9pqqg8@bhban.com, q1z, 010-9824-6898, female
임채원, 83, c2n2o1su@bhban.com, p0w, 010-0783-2507, male
윤서준, 93, gc74048l@bhban.com, abu, 010-0793-2707, male
윤채준, 87, yy83tleg@bhban.com, 04z, 010-0787-2907, female
정하우, 03, y8x6ik4h@bhban.com, e8s, 010-0803-3008, female
이지준, 81, hmdwyg8c@bhban.com, qw8, 010-2081-5320, male
최지우, 81, rvl4rwwm@bhban.com, xlv, 010-4081-5340, female
이하윤, 08, ds4szf03@bhban.com, nk3, 010-0802-4808, male
정윤진, 01, ll5at3ii@bhban.com, cqk, 010-0801-4908, male
윤민아, 08, x0ttpp9a@bhban.com, ztw, 010-5108-.551, female
정도연, 08, d4i5m0go@bhban.com, wpq, 010-5308-.553, female
윤윤아, 95, a0v69qdq@bhban.com, wht, 010-9895-5798, female
임하호, 07, ol9mlt07@bhban.com, k89, 010-0807-5508, male
정예호, 06, 037azzbn@bhban.com, 07e, 010-0806-5608, female
임현연, 16, guy2hb1x@bhban.com, mbw, 010-0816-5908, male
윤지호, 15, liu2a17v@bhban.com, bmq, 010-0815-6008, male
강예우, 13, 8t0npltw@bhban.com, 5x7, 010-0813-6208, male
최현후, 13, 6u30q2g0@bhban.com, 685, 010-0813-6608, male
이도아, 19, 812av0il@bhban.com, dym, 010-0819-6808, male
윤주우, 27, h1xtlsc9@bhban.com, t1x, 010-0827-7008, female
김채원, 07, yzrx0tg3@bhban.com, ida, 010-0807-7108, female
최채원, 28, s16q9zu8@bhban.com, ua5, 010-0828-7208, female
정주원, 07, 7tb5mqq2@bhban.com, khi, 010-9907-5899, female
윤현진, 57, 0dknt7ze@bhban.com, lqf, 010-0857-7408, male
장서호, 22, qqi3xg1v@bhban.com, wzl, 010-0822-7608, female
강현원, 24, 93psvbz9@bhban.com, 3ns, 010-0824-7708, male
임민준, 18, ub1zi5kw@bhban.com, 301, 010-0818-7808, female
조하윤, 34, cvkup5n9@bhban.com, s37, 010-0846-8008, male
정주아, 33, keqxig5s@bhban.com, 3qi, 010-0833-8108, female
강하윤, 82, 85709fal@bhban.com, kp2, 010-3082-5830, female
조도진, 28, 5wez21u7@bhban.com, no8, 010-0828-8508, male
윤현서, 83, mkxppwkt@bhban.com, wpa, 010-7083-5870, male
이윤아, 44, nqyglzw8@bhban.com, xnz, 010-0844-8908, male
최예연, 34, u17y1a3a@bhban.com, scy, 010-9934-6099, female
김도서, 45, igyizk7y@bhban.com, lv3, 010-0845-9108, male
윤지우, 35, bm233u1v@bhban.com, 5yg, 010-0835-9208, male
김윤윤, 67, dkooaz9a@bhban.com, 1sa, 010-0867-9308, female
이서아, 28, biullmih@bhban.com, 04i, 010-0828-9408, female
이예서, 85, yyzev3n4@bhban.com, hxi, 010-6085-5960, male
최하아, 42, iy1whbpo@bhban.com, yv6, 010-0842-9808, female
윤도호, 43, 1dywf8ga@bhban.com, m68, 010-0843-0008, female
조현후, 46, d59zptcd@bhban.com, wkt, 010-0846-0208, female
최서후, 35, 7u75dorr@bhban.com, ttp, 010-0835-0408, male
김민서, 43, fyff30vr@bhban.com, 6z8, 010-0843-0608, female
조민호, 05, 5z5x42iv@bhban.com, 5pe, 010-9905-6199, male
김서준, 52, 0sikyyn0@bhban.com, 2y8, 010-0852-0808, male
강도진, 48, 426uupva@bhban.com, yhn, 010-0848-0908, female
정채후, 42, e2p8t5de@bhban.com, x3g, 010-0842-1108, female
최예진, 44, zqwi9w40@bhban.com, ynu, 010-0844-1208, male
정예진, 52, twui4ryh@bhban.com, 6ea, 010-0852-1408, female
박지원, 54, f71egr5z@bhban.com, k2o, 010-0854-1508, male
최예원, 55, 0v910z3m@bhban.com, xl9, 010-0855-1608, male
정민서, 48, au4fatha@bhban.com, sqz, 010-0848-1908, female
최민원, 47, 9p8uwf4x@bhban.com, wgk, 010-0847-2108, male
강지서, 87, c89bphzd@bhban.com, snm, 010-3087-6230, male
장예은, 08, a76wbli7@bhban.com, 3ux, 010-9908-6399, male
강도진, 86, 2wvfmiar@bhban.com, glh, 010-5086-6250, male
강예서, 86, u1rdk7zm@bhban.com, n50, 010-7086-6270, female
조예서, 87, sqigoezg@bhban.com, vgm, 010-0865-2908, female
최지준, 74, b0afk4dn@bhban.com, txk, 010-0874-3008, male
강하원, 85, miocultx@bhban.com, 0zm, 010-0885-3108, female
박윤우, 87, 5x7bzqo6@bhban.com, k5m, 010-2087-6320, female
이예윤, 87, k76c9zmy@bhban.com, zys, 010-4087-6340, female
강지서, 82, n0mqp6t5@bhban.com, wqm, 010-0882-3508, female
임민호, 77, 3to6xefr@bhban.com, og1, 010-0877-3608, female
임서우, 88, 1ubd4r7r@bhban.com, 1lv, 010-8088-6380, female
임예연, 06, gzbv7npm@bhban.com, 5mk, 010-9906-6599, male
임하서, 78, 9q852iqv@bhban.com, dww, 010-0878-4008, female
강서우, 77, dly5npw1@bhban.com, 24s, 010-0877-4208, female
윤채아, 73, fy5mcvz8@bhban.com, oez, 010-0873-4408, male
최하서, 88, ueyeosnh@bhban.com, ym8, 010-7088-6470, female
윤하후, 87, mnpahzhb@bhban.com, xoq, 010-0087-6500, male
임서은, 86, 0zq0vcsk@bhban.com, rqz, 010-0886-5308, female
이서아, 67, 9hsgaz3g@bhban.com, qcg, 010-0867-5608, male
박민연, 88, f2ts8x42@bhban.com, cfs, 010-8088-6580, male
강예원, 89, 5m8n5lia@bhban.com, gz4, 010-9089-6590, male
장서서, 88, q3hy5bsl@bhban.com, 2rr, 010-0885-6108, female
이현윤, 13, k19tivr1@bhban.com, mdm, 010-9912-6799, female
조지호, 84, yw3q1drz@bhban.com, gq3, 010-0887-6708, male
윤서아, 09, uosp7hck@bhban.com, raf, 010-6909-.669, female
최민진, 97, 10fvmu92@bhban.com, o7l, 010-0897-7008, male
박채윤, 93, tyn5g1dz@bhban.com, 5i9, 010-0893-7208, female
임예진, 97, 1m7ik1eq@bhban.com, v3c, 010-0897-7308, male
김현후, 98, p0adv033@bhban.com, cm2, 010-0898-7508, male
장지준, 07, ice4it6z@bhban.com, 3zb, 010-0907-7609, male
윤지윤, 99, cfgomfq5@bhban.com, x5l, 010-0899-8108, female
강도준, 08, iu6mtgy0@bhban.com, 7ni, 010-0908-8509, male
장지호, 92, dxrph3zg@bhban.com, 1qz, 010-0892-8708, male
김하후, 28, skb3c8s7@bhban.com, u9z, 010-9928-6899, female
박윤후, 03, a8fyywmy@bhban.com, 45s, 010-0903-8909, female
최윤준, 04, 6r3krtkc@bhban.com, lgm, 010-0904-9009, female
박하서, 05, 2oynyh7p@bhban.com, wt2, 010-0905-9209, male
김지진, 19, lexhgc29@bhban.com, 54q, 010-0919-9309, male
김채진, 91, cly0nliz@bhban.com, 944, 010-4091-6940, male
강예진, 21, zmeafze1@bhban.com, zpr, 010-0921-9609, male
조예호, 07, zdyszlbt@bhban.com, ruw, 010-0907-0209, male
박윤은, 19, loiahnsr@bhban.com, 2dh, 010-0919-0309, female
장민진, 48, 4zse718l@bhban.com, tq0, 010-0948-0509, female
강하원, 26, ql9zk9ss@bhban.com, nt2, 010-0926-0609, female
정도진, 32, rifnx3xy@bhban.com, 4de, 010-9932-6999, female
윤민윤, 25, zgg6prxz@bhban.com, ztu, 010-0925-0709, female
임지진, 15, aye2302c@bhban.com, pyt, 010-9092-7090, female
장서원, 14, nv7v97d1@bhban.com, uh1, 010-0914-1009, male
정하윤, 15, gm23swul@bhban.com, bn8, 010-0915-1109, female
박민연, 26, 6qcau5xv@bhban.com, grc, 010-0926-1209, male
이민후, 23, ah37tkon@bhban.com, e0e, 010-0923-1409, male
윤지후, 92, s9lnmw30@bhban.com, nhn, 010-5092-7150, male
박도은, 35, ntqbizup@bhban.com, a6w, 010-0935-1709, female
윤현우, 21, 5qzhashp@bhban.com, yz2, 010-0921-1909, female
김주원, 32, hip8wr6q@bhban.com, gth, 010-0932-2109, male
이현진, 28, 3h77lrds@bhban.com, 753, 010-9928-7199, female
조도진, 54, v79morp6@bhban.com, vgt, 010-9854-6998, female
윤주윤, 35, 030tnqbo@bhban.com, zh2, 010-0935-2309, male
임민준, 34, g7ns9gsx@bhban.com, h0f, 010-0934-2409, female
강하후, 93, k8qxdll2@bhban.com, to4, 010-5093-7250, male
임도연, 93, ue0pi5we@bhban.com, z3m, 010-6093-7260, male
조현아, 34, iwh3rsib@bhban.com, 3b2, 010-0934-2809, female
정하호, 95, 58n8cyr0@bhban.com, bth, 010-9095-7290, female
정채서, 32, 6rrymybl@bhban.com, zbo, 010-0946-3109, male
장지연, 43, xh6rzz4p@bhban.com, hbr, 010-0943-3209, female
최현은, 33, 35k698cv@bhban.com, xgy, 010-0933-3309, male
조민윤, 94, gdn6vacd@bhban.com, wvr, 010-6094-7360, male
조현윤, 18, r77obm0w@bhban.com, 1vi, 010-9918-7299, male
임주원, 62, t062br6z@bhban.com, 86u, 010-0962-3809, female
강윤준, 72, f6q0m2z9@bhban.com, 89p, 010-0972-4109, male
김서진, 53, zq8qdoim@bhban.com, nyu, 010-0953-4409, female
박도서, 66, str32l72@bhban.com, x1d, 010-0966-4609, female
장도호, 53, z4rofcx9@bhban.com, qeb, 010-0953-4809, male
임현은, 62, dhrsgae8@bhban.com, 6nf, 010-0962-4909, female
장윤진, 63, bult4uf4@bhban.com, qx5, 010-0963-5009, male
최예아, 57, 0wwzscc3@bhban.com, x35, 010-0957-5209, male
임지후, 59, wpcl7zpl@bhban.com, pz6, 010-0959-5309, male
강지원, 95, cz5chz8o@bhban.com, 0cb, 010-4095-7540, female
박현서, 91, 6p3w02tc@bhban.com, v5b, 010-3991-3739, male
윤예호, 78, mg4y8zz3@bhban.com, mbz, 010-0978-5609, male
윤지준, 63, 068zwzrn@bhban.com, l47, 010-0963-5709, male
윤예서, 67, zp4y7l2w@bhban.com, c0g, 010-0967-5809, female
김예원, 98, cg8txbyt@bhban.com, ak6, 010-0998-6109, male
김현연, 63, ni262z9u@bhban.com, a7v, 010-0963-6409, male
김예아, 64, 4kyzpcbr@bhban.com, vxl, 010-0964-6609, male
김하윤, 65, 5w1s8tae@bhban.com, y6t, 010-0965-6709, male
김하연, 68, y69tyiec@bhban.com, mes, 010-0968-7009, male
박현윤, 69, od0ze6q2@bhban.com, r6r, 010-0969-7209, male
임윤윤, 82, rvoz28rw@bhban.com, 8lh, 010-0982-7309, female
장윤은, 28, 2cp7cyzc@bhban.com, 5tk, 010-9928-7599, female
장주준, 76, 7y10wgkv@bhban.com, 8vt, 010-0976-7509, female
장채원, 75, d36qgs07@bhban.com, pz0, 010-0975-7609, female
장지우, 92, m1pg5v9d@bhban.com, 28v, 010-0992-7909, female
정하연, 72, s2kaw6e4@bhban.com, 11e, 010-0972-8109, female
임서아, 01, vwwqq8in@bhban.com, wz5, 010-1001-8310, female
윤지호, 99, 5lbns7a9@bhban.com, ech, 010-5099-7850, male
강하준, 82, fmz7l0xm@bhban.com, 77e, 010-0982-8609, female
장윤준, 81, iehw2x7s@bhban.com, 5eh, 010-7881-6.78, female
최민서, 85, hd1tywfv@bhban.com, lcp, 010-0985-8909, male
강채서, 88, pyqrxozd@bhban.com, bu7, 010-0988-9109, male
정민원, 26, fky6mg8k@bhban.com, exn, 010-9926-7799, male
정예은, 01, wm4fbonh@bhban.com, v0w, 010-3101-8331, female
임윤서, 04, yu160xtz@bhban.com, 1f0, 010-7104-8471, female
임서후, 26, 12psrce1@bhban.com, 3w2, 010-1026-6710, female
임도연, 35, d79kkrkz@bhban.com, odr, 010-1035-7110, female
강지연, 35, wl4dazqm@bhban.com, tyz, 010-1035-7410, male
정채원, 04, fn2c9z43@bhban.com, zae, 010-5104-8751, female
김도서, 05, 7qqnqmas@bhban.com, pqs, 010-7105-8771, female
김지진, 48, rtamniku@bhban.com, 4c4, 010-1048-8910, female
정도은, 62, 49d8p6e1@bhban.com, 5x2, 010-1062-9610, female
장민준, 58, hinasoth@bhban.com, w3m, 010-1058-0610, female
김지아, 15, 1qlqset8@bhban.com, hpf, 010-0991-3809, male
임채준, 02, ib3qhxwx@bhban.com, mxy, 010-1102-1011, female
조지연, 73, yuclznsa@bhban.com, g0m, 010-1073-1110, female
정윤원, 93, uhobdav5@bhban.com, xqh, 010-1093-3910, female
강지아, 11, b532ze7l@bhban.com, onx, 010-2111-9421, male
김하우, 09, 2gzzg315@bhban.com, wv4, 010-5109-9451, male
정예연, 11, hmyqxvf6@bhban.com, qv2, 010-7111-9471, male
장하우, 07, 5ywbvff0@bhban.com, ebd, 010-1107-4911, male
장현윤, 11, kf0k4mpa@bhban.com, rb5, 010-0111-9501, female
최도준, 11, x13sq3h1@bhban.com, k0q, 010-2111-9521, male
장현서, 11, 62vurif8@bhban.com, lwo, 010-5311-.953, female
강하연, 19, gnbr5r5p@bhban.com, 2xw, 010-9919-8199, male
박윤윤, 04, c28g3z06@bhban.com, b88, 010-1104-5411, female
김지원, 12, pvi74uhh@bhban.com, a03, 010-1112-5611, male
박민윤, 11, q4uiz9pa@bhban.com, pl1, 010-7111-9571, male
조주아, 11, ww9g7wbx@bhban.com, 643, 010-9111-9591, male
박윤원, 23, 911rgl7d@bhban.com, brx, 010-1123-6011, male
최도아, 06, skwigz91@bhban.com, s33, 010-1106-6111, male
임지아, 16, vmwr1uzh@bhban.com, pdh, 010-1116-6311, male
이도아, 16, 12f9zuzq@bhban.com, wzd, 010-1116-6411, male
장채후, 12, q9kbbpbc@bhban.com, nm9, 010-1112-6611, female
장서후, 15, 92vtp77v@bhban.com, z0k, 010-1115-6811, female
윤도서, 18, xx07zg7e@bhban.com, nwx, 010-9918-8299, female
윤주우, 46, h6vz58h3@bhban.com, 41i, 010-1146-7111, female
조지호, 35, bzxxi8x4@bhban.com, qxa, 010-1135-7311, male
정윤우, 24, d12tuvt5@bhban.com, 5wv, 010-1124-7511, female
윤서진, 25, wq7zmow9@bhban.com, om7, 010-1152-8011, male
최채진, 23, 25vvw7og@bhban.com, 1my, 010-1123-8311, female
조지우, 13, 8090eyf0@bhban.com, 72r, 010-4113-9841, female
조민은, 12, bkghsbwo@bhban.com, m1t, 010-6112-9861, female
김현후, 25, 5ygts930@bhban.com, hc1, 010-1125-8711, male
김서은, 67, zg0oru1l@bhban.com, 5zk, 010-1167-8811, female
장지연, 41, 3q3uivrc@bhban.com, tra, 010-1141-9111, male
강현진, 17, 21caczny@bhban.com, pqc, 010-9917-8399, male
임서서, 45, 9fcwr62f@bhban.com, rh9, 010-1145-9311, female
이민윤, 31, idfu3ffr@bhban.com, xz3, 010-1131-9511, male
최서은, 48, tqr0luy0@bhban.com, kng, 010-1148-9911, female
조윤준, 41, y3qbclh7@bhban.com, uyx, 010-1141-0111, male
김서은, 17, ktrvzfwi@bhban.com, zmz, 010-3117-0031, male
김채연, 46, mzx8ufdu@bhban.com, 0z4, 010-1146-0511, female
윤민아, 46, yapoz9zb@bhban.com, v3y, 010-1146-0811, female
강하후, 16, cfmzsh2s@bhban.com, fep, 010-0116-0101, male
최주우, 45, he03fon6@bhban.com, dsh, 010-1145-1211, male
최지진, 84, o0rw7msz@bhban.com, hwu, 010-1184-1411, male
임서준, 92, 8d2x13w6@bhban.com, f41, 010-5992-3859, male
박현진, 65, rlu11cxh@bhban.com, 55t, 010-1152-1611, male
정윤후, 15, 2g5962td@bhban.com, p9d, 010-7115-0171, male
정윤아, 69, eczsw8t5@bhban.com, v58, 010-1169-1911, male
장도서, 47, zg299az1@bhban.com, 4bx, 010-1147-2011, female
조주후, 62, 62x4zgc4@bhban.com, bli, 010-1162-2211, female
윤지윤, 59, 94kqnz94@bhban.com, 869, 010-1159-2311, male
김윤윤, 65, m23hlwmb@bhban.com, evk, 010-1165-2411, male
최하원, 57, 2hili9z2@bhban.com, szg, 010-1157-2611, female
최채연, 65, 05mrudsc@bhban.com, l14, 010-1165-2811, male
박하연, 85, 3w7vas47@bhban.com, y78, 010-1185-2911, female
윤주호, 93, 5sqyawym@bhban.com, zon, 010-7993-3879, male
김도호, 37, cwwc09gs@bhban.com, ld6, 010-9837-7098, male
임민후, 17, vk14d97i@bhban.com, dze, 010-1117-0311, female
임민은, 62, nqtn9o66@bhban.com, 6zx, 010-1162-3211, female
이하아, 73, 0i98dyhz@bhban.com, if3, 010-1173-3311, male
윤도준, 71, qzpt45bo@bhban.com, e04, 010-1171-3511, female
이채아, 64, 5l2df63f@bhban.com, pmz, 010-1164-3611, male
박지후, 77, 0i4vz726@bhban.com, 30l, 010-1177-3711, male
최주연, 76, fg3b1dh3@bhban.com, cln, 010-1176-3911, male
김지연, 72, 9mno1xc9@bhban.com, 8pw, 010-1172-4111, male
임현후, 73, k5g6ppua@bhban.com, gxz, 010-1173-4311, male
장도연, 77, 3w0px7a4@bhban.com, uii, 010-1177-4411, male
임주진, 75, 4ulg9hqk@bhban.com, 0s5, 010-9975-8999, female
장윤연, 12, g9llt9w7@bhban.com, 7o6, 010-4612-.046, male
박주준, 96, 6prx6grk@bhban.com, cba, 010-1196-4711, female
윤예원, 87, lk2fiy6p@bhban.com, bsf, 010-1174-5111, male
정서윤, 17, a5dm87ih@bhban.com, m9x, 010-3117-0531, male
조지윤, 18, 3qlupbo8@bhban.com, z49, 010-5118-0551, male
박주윤, 85, nlb604tz@bhban.com, 3qq, 010-1185-5611, male
정하서, 19, 3oemlrhf@bhban.com, nxr, 010-7119-0571, male
김지후, 87, bka2666o@bhban.com, hyf, 010-1187-5911, male
최하연, 92, 4o8ckwx7@bhban.com, 7v0, 010-1181-6111, female
조지진, 78, q4e4ozig@bhban.com, uig, 010-1178-6211, female
최지원, 92, h30atkbw@bhban.com, 6ly, 010-1992-3919, male
임하윤, 19, 04466iun@bhban.com, toa, 010-5119-0651, male
임윤후, 35, sg57w4df@bhban.com, ril, 010-1235-6612, female
박지우, 95, 9bnk4z2u@bhban.com, 620, 010-1195-6811, female
강윤윤, 35, 084wrlqr@bhban.com, tfn, 010-1235-6912, female
최예진, 19, t4m7pmza@bhban.com, c5i, 010-0119-0701, male
이지후, 97, ool282hg@bhban.com, hvg, 010-1197-7211, male
장서진, 96, yr1bewh5@bhban.com, g1v, 010-1196-7411, female
정하우, 12, pkeiqxyi@bhban.com, b8s, 010-7712-.077, male
최민원, 12, yc6erdb6@bhban.com, 99k, 010-1209-7912, male
조지준, 25, s54h05ix@bhban.com, 2kn, 010-1225-8012, female
장지준, 36, x9rnx7p5@bhban.com, 2wy, 010-9936-9699, female
조채호, 93, 0qyhlvk1@bhban.com, iii, 010-1193-8411, male
박하원, 35, liksfql7@bhban.com, 56u, 010-1235-2212, male
강지후, 36, 2vpgr7zm@bhban.com, s3z, 010-1236-2412, female
강채후, 34, hcxase9b@bhban.com, bg5, 010-1234-2612, female
이도은, 38, 92yluvol@bhban.com, rbn, 010-1258-2912, female
장지원, 93, w2rratz7@bhban.com, uvw, 010-1293-3012, female
장지연, 51, z2fsut4w@bhban.com, q1m, 010-1251-3212, male
김주호, 48, k0w9iwi1@bhban.com, o1q, 010-1248-3312, male
이예서, 57, yygcmt36@bhban.com, 7aq, 010-1257-3412, female
강윤후, 32, ftyf5ooy@bhban.com, dw2, 010-1232-3612, male
장지아, 42, gt6629gb@bhban.com, sxd, 010-9942-9899, male
김채원, 24, yc4g4vp9@bhban.com, piw, 010-7124-1371, female
조민우, 25, 3tvxlh74@bhban.com, cuw, 010-9125-1391, female
윤하연, 46, uxh6ngt5@bhban.com, vlt, 010-1246-4012, male
조지아, 54, 5cgyz518@bhban.com, cm3, 010-1254-4212, male
정현후, 55, zs9rcc7s@bhban.com, qcy, 010-1255-4312, male
최주원, 42, ud7bw2vz@bhban.com, ewx, 010-1242-4512, male
정예은, 26, gnxov58z@bhban.com, xy9, 010-6126-1461, male
박예아, 56, 61adxwlx@bhban.com, akb, 010-1256-4812, female
정예연, 56, uzcpe68x@bhban.com, k9t, 010-1256-4912, male
정민후, 25, kust6gbw@bhban.com, y2h, 010-1252-5112, female
정지원, 45, 7ey5pesb@bhban.com, 21m, 010-9945-0099, female
최채원, 53, 1z6f3mam@bhban.com, rhl, 010-1253-5312, male
조서후, 55, pr91on13@bhban.com, uez, 010-1255-5612, male
박도준, 53, youa5i7l@bhban.com, bzz, 010-1253-5912, male
박주준, 54, gz0kscby@bhban.com, tzc, 010-1254-6112, female
임윤호, 56, lc9z5yp5@bhban.com, q8u, 010-1256-6212, male
강지서, 62, 6tl5yzd9@bhban.com, s6m, 010-1262-6412, female
박민우, 56, fvxeywi2@bhban.com, 8lm, 010-1256-6512, female
조민호, 26, 93ftr757@bhban.com, 8hf, 010-7126-1671, female
장채후, 58, krfb93t4@bhban.com, k54, 010-1258-6912, male
윤현준, 68, kflf6d3c@bhban.com, 6xp, 010-1268-7212, female
강도아, 37, 8ku3e9xr@bhban.com, 26w, 010-9937-0299, female
이민서, 27, 0gzmotz1@bhban.com, y7h, 010-1271-7712, male
김주서, 13, ukwfqayd@bhban.com, fwn, 010-1313-8213, female
강윤우, 73, kzbwlykl@bhban.com, apz, 010-1273-8512, male
장민아, 83, 0y4n4vvw@bhban.com, aw7, 010-1283-8712, female
장윤우, 29, oh0sfc0k@bhban.com, o1z, 010-0129-1901, female
이서준, 28, sfztu2pv@bhban.com, czw, 010-2128-1921, female
김주서, 83, cq4kcnoh@bhban.com, guh, 010-1283-9412, male
정서준, 97, n9s8tbp1@bhban.com, 5rz, 010-1297-9712, female
정민원, 97, 9sgw25a1@bhban.com, c9h, 010-1297-0012, male
박민호, 92, zm1mc85m@bhban.com, i3r, 010-1308-0213, female
이하연, 34, mseml653@bhban.com, atl, 010-9934-0399, female
강현원, 04, qag5vzf4@bhban.com, bt2, 010-1304-0413, female
조현준, 03, hclzl0yo@bhban.com, k41, 010-1303-0613, male
강예연, 85, lep9e3qe@bhban.com, en5, 010-1285-0712, female
이서은, 05, ovi1cqpe@bhban.com, py1, 010-1305-0913, male
윤지준, 97, evsinp5i@bhban.com, k8b, 010-1297-1012, female
장도윤, 97, k1gd762o@bhban.com, cha, 010-1297-1112, male
김현진, 31, dy3tz2ia@bhban.com, iie, 010-3131-2131, male
최서원, 08, t5eksqua@bhban.com, u0h, 010-1308-1513, male
정주후, 03, hpbiqu53@bhban.com, 6vm, 010-1303-1613, male
박주진, 02, euhdqwsk@bhban.com, 40r, 010-1302-1713, female
윤현우, 54, 5kwner61@bhban.com, 3yu, 010-9954-0599, male
정하진, 03, ls7nlhbm@bhban.com, bzc, 010-1303-1913, male
장현우, 19, hlnxqtos@bhban.com, 1pz, 010-1319-2013, female
조하후, 05, u15yhqtx@bhban.com, 3qb, 010-1305-2313, female
정도진, 31, fis4gmhr@bhban.com, 2zz, 010-5131-2251, male
박지우, 47, exskzb0x@bhban.com, 25n, 010-1317-2913, male
정민원, 13, a34glebe@bhban.com, 3l4, 010-1313-3113, female
정민준, 14, a3qz2x3w@bhban.com, el7, 010-1314-3313, female
조현윤, 18, ve5et5qx@bhban.com, 1yo, 010-1318-3413, female
윤민서, 28, fefizyfq@bhban.com, zts, 010-1328-3713, male
강지호, 22, 7bgyiyzv@bhban.com, iax, 010-1322-3913, male
임하우, 94, ndv6e93m@bhban.com, d0e, 010-6994-4069, female
이주진, 18, mfkmvby5@bhban.com, ugb, 010-1318-4113, female
정도후, 24, q8idgo7t@bhban.com, f0t, 010-1324-4313, male
장민원, 22, cz8vo0i0@bhban.com, t2l, 010-1322-4513, male
강주원, 34, dge0ue4d@bhban.com, zyi, 010-7134-2471, male
김주후, 27, pecnt7at@bhban.com, zba, 010-1327-5213, male
임하서, 35, pyvlkvpg@bhban.com, lxt, 010-1335-5413, male
김지우, 33, qbgzzsrc@bhban.com, qrz, 010-6133-2561, female
이예윤, 58, cthcnls0@bhban.com, ipm, 010-1358-5813, male
정현연, 27, 5xa6lgk8@bhban.com, z6o, 010-1327-6113, female
조지진, 38, 16sb5prh@bhban.com, tze, 010-1338-6913, male
조하윤, 47, tz4m4rca@bhban.com, hky, 010-9947-0899, male
박지서, 38, ztlcvbve@bhban.com, boy, 010-9838-7298, female
강윤원, 41, zr21oi4c@bhban.com, 671, 010-1341-7113, female
최하서, 47, 1ewgxkb0@bhban.com, sz3, 010-1347-7313, female
강예아, 53, pdvlubz4@bhban.com, pfy, 010-1353-7513, male
정도준, 56, 6e3hgt4w@bhban.com, qit, 010-1356-7713, female
김예서, 67, tgehr17e@bhban.com, wgm, 010-1367-7913, male
임윤서, 35, om9b6r31@bhban.com, hxm, 010-1135-2811, female
장채윤, 54, usvp74uz@bhban.com, uqo, 010-1354-8313, male
조윤윤, 52, fproozb9@bhban.com, 94z, 010-1352-8613, female
최채우, 62, 61oznd48@bhban.com, gfe, 010-1362-8813, female
장채아, 53, pwslq47q@bhban.com, khr, 010-1353-9413, male
최하호, 38, 0rblyxgv@bhban.com, 8hb, 010-9938-1099, male
정민원, 66, d4a2ks4n@bhban.com, 84s, 010-1366-9613, female
윤민윤, 36, yzr9xgfc@bhban.com, b73, 010-8136-2981, female
강민우, 64, pq9au3gs@bhban.com, 6q3, 010-1364-9913, male
김지아, 68, uxymz21n@bhban.com, aw6, 010-1368-0313, female
장지서, 68, xute4quc@bhban.com, pmz, 010-1368-0613, female
조도윤, 87, zq9urzp6@bhban.com, ane, 010-1387-1413, female
조서호, 76, spsi7znz@bhban.com, g2r, 010-1376-1613, male
최현원, 39, ox875q42@bhban.com, 9mp, 010-8139-3181, female
이주원, 84, t65xc230@bhban.com, h0v, 010-1384-2113, male
임지서, 04, ghuy4ahy@bhban.com, k6p, 010-1404-2614, male
강윤후, 94, 0zcodzdr@bhban.com, 580, 010-3994-4139, male
박예서, 76, wn1ak04z@bhban.com, sqr, 010-1376-2813, male
장서은, 39, 5kuptec2@bhban.com, lfi, 010-1139-3311, male
강지서, 82, ym5v5nv1@bhban.com, 3zh, 010-1398-3413, male
윤예준, 39, s0buc405@bhban.com, dgx, 010-6139-3361, male
박지원, 86, vzwr2add@bhban.com, 04q, 010-1386-3813, male
박윤서, 96, 1rd0x66l@bhban.com, 4lc, 010-1396-4413, female
임서진, 08, qquyzg4b@bhban.com, 9dm, 010-1408-4714, male
최현서, 97, v23vq3t9@bhban.com, kuy, 010-1397-4913, female
정지아, 03, cz051lg8@bhban.com, tk1, 010-1395-5213, female
이도아, 08, dp2y2887@bhban.com, z9e, 010-1408-5414, female
강예원, 45, pargr6u3@bhban.com, vry, 010-9945-1499, male
최도준, 03, z2a9kvpt@bhban.com, hyo, 010-1403-5714, female
윤지윤, 04, eiozx55o@bhban.com, vh7, 010-1404-5914, male
박민준, 07, hbqgizz3@bhban.com, hvt, 010-1432-6314, female
이예우, 41, bzkizan4@bhban.com, z3l, 010-5141-3651, male
이하서, 07, ztfbp15v@bhban.com, mlz, 010-1416-6914, male
강예원, 18, vzznz7nh@bhban.com, r53, 010-1444-7314, female
임도아, 36, 3tga3qzp@bhban.com, qzc, 010-1436-7414, female
조채준, 31, zt5hhfcp@bhban.com, hls, 010-1431-7714, female
강하아, 43, p1xu0rsr@bhban.com, wxi, 010-3143-3831, male
박예아, 32, keo4v4qv@bhban.com, k8q, 010-1432-9014, female
최채윤, 62, gem8zxl3@bhban.com, 7c6, 010-9962-1699, female
박민은, 43, zk1y8izz@bhban.com, 46a, 010-2143-3921, female
윤예우, 29, 0qz9bfix@bhban.com, 5kx, 010-1429-9414, female
윤지진, 47, q3dfnq4r@bhban.com, b52, 010-1447-9814, male
임서준, 33, kt8pw55f@bhban.com, dqw, 010-1433-0114, male
박도아, 35, nmn6n4w3@bhban.com, 6s0, 010-1435-0214, male
김현후, 43, csqtahtf@bhban.com, t1y, 010-1443-0414, male
조도연, 58, ybmi0gt2@bhban.com, wae, 010-1458-0614, female
최지준, 45, ayqbneul@bhban.com, boz, 010-1445-0714, female
박현윤, 45, 2izyegxn@bhban.com, k20, 010-9145-4091, male
임민호, 57, d15w8ogl@bhban.com, rra, 010-1457-1114, male
이예후, 51, hi0s7yuc@bhban.com, 1vi, 010-9951-1899, female
박도서, 45, nw0hki1w@bhban.com, kw3, 010-2145-4121, male
김서연, 57, 6owv8k33@bhban.com, 1bq, 010-1457-1414, male
김주준, 54, kiwmvfma@bhban.com, gkt, 010-1458-1614, male
윤도준, 45, znvrhe6v@bhban.com, f8k, 010-7145-4171, male
강지호, 62, x539pd09@bhban.com, ipb, 010-1462-2114, female
윤하우, 46, 06o2fzhw@bhban.com, w06, 010-6146-4261, female
장지아, 69, 03x2fnhi@bhban.com, 9ss, 010-1469-3114, male
윤하준, 66, yiireac9@bhban.com, 3dl, 010-1466-3414, female
장서준, 47, 94pk5zae@bhban.com, gav, 010-7147-4371, female
김윤아, 68, ac2yqk9q@bhban.com, yh3, 010-1468-4514, male
장주준, 48, cux3tssl@bhban.com, h6e, 010-9948-2099, female
윤하호, 79, irdvai0m@bhban.com, qpb, 010-1479-5014, female
임지원, 47, iyg3sdzb@bhban.com, 5oz, 010-2147-4521, male
박주준, 84, mh1biblq@bhban.com, 1nl, 010-1484-5314, male
박지후, 73, 8ulak0w5@bhban.com, 7d8, 010-1473-5514, female
윤하준, 88, rzlaf1ry@bhban.com, t37, 010-1488-5714, female
윤채은, 91, b1a4irko@bhban.com, lyt, 010-1491-5914, female
윤서아, 87, g96g71d3@bhban.com, d44, 010-1487-6114, female
김주후, 88, hnq54fhz@bhban.com, e8c, 010-1488-6314, male
조지진, 88, ok1eoakw@bhban.com, 5ys, 010-1488-6414, female
김지호, 86, hkrusadt@bhban.com, 16c, 010-1486-6614, female
박하우, 46, 3ezczozr@bhban.com, 99c, 010-9946-2299, male
정민원, 97, zdmeghq1@bhban.com, kde, 010-1497-6814, male
장윤후, 91, tuxz008s@bhban.com, npt, 010-1491-7214, male
조윤준, 97, 2cihuzpl@bhban.com, e0i, 010-1497-7414, male
최채은, 51, 2w7bhlx8@bhban.com, e31, 010-6151-4761, female
정서우, 01, r4zmdh7z@bhban.com, 35b, 010-1501-7815, female
이지연, 17, d76mh11x@bhban.com, wzn, 010-1517-8015, male
강윤원, 55, z8d52xqq@bhban.com, 5za, 010-3155-4831, male
김도우, 91, 6zl96hqd@bhban.com, ozz, 010-1491-8514, female
이윤준, 51, 2mmsllyb@bhban.com, xri, 010-1516-8715, female
정지후, 06, 63bhz1c5@bhban.com, 0oh, 010-1506-8815, male
정지후, 54, e24bse0e@bhban.com, bkv, 010-9954-2499, female
정서후, 24, 3bcbotgz@bhban.com, 4rz, 010-1524-9015, female
정주윤, 51, bhopwu59@bhban.com, rng, 010-2151-4921, female
정하우, 03, 8urn3za5@bhban.com, k35, 010-1514-9615, female
조서연, 14, f43dqzon@bhban.com, u0u, 010-1514-9715, male
임채진, 09, lz9tf7om@bhban.com, 61z, 010-1509-0415, male
장서윤, 26, 0lywlpba@bhban.com, n0b, 010-1526-0715, female
김도서, 24, 5lypaw64@bhban.com, b72, 010-1524-0915, male
조민진, 35, dkz9ab5z@bhban.com, 8ey, 010-1524-1215, female
정채호, 52, 6bk257ot@bhban.com, zt2, 010-4152-5141, female
임서후, 52, hsz6ddu4@bhban.com, 78z, 010-6152-5161, female
윤하서, 53, zszs3zw7@bhban.com, 8ui, 010-9953-2699, male
임서연, 25, 11h7spfo@bhban.com, xma, 010-1525-2115, female
장도서, 28, hi6gp3co@bhban.com, r18, 010-1528-2315, female
최서진, 34, z69gqqub@bhban.com, qqm, 010-1534-2515, male
최지서, 36, o0v0c1zp@bhban.com, 7k8, 010-1536-2615, male
윤윤연, 55, 8wo0wuz3@bhban.com, 2qs, 010-7155-5271, female
정민서, 55, ylz5k9b1@bhban.com, acq, 010-9155-5291, male
박민진, 34, 4aeovldv@bhban.com, xtl, 010-1534-3115, female
이주연, 43, wfgh1zzg@bhban.com, ktd, 010-1543-3215, male
강민준, 35, 3ml9ruci@bhban.com, rbz, 010-1535-3415, female
김현후, 36, 7a1lww66@bhban.com, z30, 010-1536-3515, male
임도후, 56, zxamrtwg@bhban.com, cnz, 010-9956-2899, female
박윤은, 85, oto738aw@bhban.com, ltq, 010-3985-2739, female